rO0ABXNyAA5qYXZhLnV0aWwuVVVJRLyZA/eYbYUvAgACSgAMbGVhc3RTaWdCaXRzSgALbW9zdFNpZ0JpdHN4cJ74a3bIY/hgQAno8gxzTTE=,rO0ABXNyACVici5jb20ubGV0c2NvZGUubW9kZWwucHJvZHV0by5Qcm9kdXRvoW7c4r2+mlMCAAZMAAJJRHQAEExqYXZhL3V0aWwvVVVJRDtMAAVmcmV0ZXQAFkxqYXZhL21hdGgvQmlnRGVjaW1hbDtMAARub21ldAASTGphdmEvbGFuZy9TdHJpbmc7TAAFcHJlY29xAH4AAkwABHRheGFxAH4AAkwABHRpcG90ACtMYnIvY29tL2xldHNjb2RlL21vZGVsL3Byb2R1dG8vUHJvZHV0b1RpcG87eHBzcgAOamF2YS51dGlsLlVVSUS8mQP3mG2FLwIAAkoADGxlYXN0U2lnQml0c0oAC21vc3RTaWdCaXRzeHCe+Gt2yGP4YEAJ6PIMc00xc3IAFGphdmEubWF0aC5CaWdEZWNpbWFsVMcVV/mBKE8DAAJJAAVzY2FsZUwABmludFZhbHQAFkxqYXZhL21hdGgvQmlnSW50ZWdlcjt4cgAQamF2YS5sYW5nLk51bWJlcoaslR0LlOCLAgAAeHAAAAAAc3IAFGphdmEubWF0aC5CaWdJbnRlZ2VyjPyfH6k7+x0DAAZJAAhiaXRDb3VudEkACWJpdExlbmd0aEkAE2ZpcnN0Tm9uemVyb0J5dGVOdW1JAAxsb3dlc3RTZXRCaXRJAAZzaWdudW1bAAltYWduaXR1ZGV0AAJbQnhxAH4ACv///////////////v////4AAAAAdXIAAltCrPMX+AYIVOACAAB4cAAAAAB4eHQACEJpc2NvaXRvc3EAfgAIAAAAAHNxAH4ADP///////////////v////4AAAABdXEAfgAPAAAAAQJ4eHNxAH4ACAAAAABxAH4ADnh+cgApYnIuY29tLmxldHNjb2RlLm1vZGVsLnByb2R1dG8uUHJvZHV0b1RpcG8AAAAAAAAAABIAAHhyAA5qYXZhLmxhbmcuRW51bQAAAAAAAAAAEgAAeHB0AAZDT01JREE=
rO0ABXNyAA5qYXZhLnV0aWwuVVVJRLyZA/eYbYUvAgACSgAMbGVhc3RTaWdCaXRzSgALbW9zdFNpZ0JpdHN4cJS/o2CkUJnL/By0YbrqQC4=,rO0ABXNyACVici5jb20ubGV0c2NvZGUubW9kZWwucHJvZHV0by5Qcm9kdXRvoW7c4r2+mlMCAAZMAAJJRHQAEExqYXZhL3V0aWwvVVVJRDtMAAVmcmV0ZXQAFkxqYXZhL21hdGgvQmlnRGVjaW1hbDtMAARub21ldAASTGphdmEvbGFuZy9TdHJpbmc7TAAFcHJlY29xAH4AAkwABHRheGFxAH4AAkwABHRpcG90ACtMYnIvY29tL2xldHNjb2RlL21vZGVsL3Byb2R1dG8vUHJvZHV0b1RpcG87eHBzcgAOamF2YS51dGlsLlVVSUS8mQP3mG2FLwIAAkoADGxlYXN0U2lnQml0c0oAC21vc3RTaWdCaXRzeHCUv6NgpFCZy/wctGG66kAuc3IAFGphdmEubWF0aC5CaWdEZWNpbWFsVMcVV/mBKE8DAAJJAAVzY2FsZUwABmludFZhbHQAFkxqYXZhL21hdGgvQmlnSW50ZWdlcjt4cgAQamF2YS5sYW5nLk51bWJlcoaslR0LlOCLAgAAeHAAAAAAc3IAFGphdmEubWF0aC5CaWdJbnRlZ2VyjPyfH6k7+x0DAAZJAAhiaXRDb3VudEkACWJpdExlbmd0aEkAE2ZpcnN0Tm9uemVyb0J5dGVOdW1JAAxsb3dlc3RTZXRCaXRJAAZzaWdudW1bAAltYWduaXR1ZGV0AAJbQnhxAH4ACv///////////////v////4AAAAAdXIAAltCrPMX+AYIVOACAAB4cAAAAAB4eHQAB0JvbGFjaGFzcQB+AAgAAAAAc3EAfgAM///////////////+/////gAAAAF1cQB+AA8AAAABA3h4c3EAfgAIAAAAAHEAfgAOeH5yAClici5jb20ubGV0c2NvZGUubW9kZWwucHJvZHV0by5Qcm9kdXRvVGlwbwAAAAAAAAAAEgAAeHIADmphdmEubGFuZy5FbnVtAAAAAAAAAAASAAB4cHQABkNPTUlEQQ==
rO0ABXNyAA5qYXZhLnV0aWwuVVVJRLyZA/eYbYUvAgACSgAMbGVhc3RTaWdCaXRzSgALbW9zdFNpZ0JpdHN4cKbnpFS9ViJvaPrBvcSyS6U=,rO0ABXNyACVici5jb20ubGV0c2NvZGUubW9kZWwucHJvZHV0by5Qcm9kdXRvoW7c4r2+mlMCAAZMAAJJRHQAEExqYXZhL3V0aWwvVVVJRDtMAAVmcmV0ZXQAFkxqYXZhL21hdGgvQmlnRGVjaW1hbDtMAARub21ldAASTGphdmEvbGFuZy9TdHJpbmc7TAAFcHJlY29xAH4AAkwABHRheGFxAH4AAkwABHRpcG90ACtMYnIvY29tL2xldHNjb2RlL21vZGVsL3Byb2R1dG8vUHJvZHV0b1RpcG87eHBzcgAOamF2YS51dGlsLlVVSUS8mQP3mG2FLwIAAkoADGxlYXN0U2lnQml0c0oAC21vc3RTaWdCaXRzeHCm56RUvVYib2j6wb3Eskulc3IAFGphdmEubWF0aC5CaWdEZWNpbWFsVMcVV/mBKE8DAAJJAAVzY2FsZUwABmludFZhbHQAFkxqYXZhL21hdGgvQmlnSW50ZWdlcjt4cgAQamF2YS5sYW5nLk51bWJlcoaslR0LlOCLAgAAeHAAAAAAc3IAFGphdmEubWF0aC5CaWdJbnRlZ2VyjPyfH6k7+x0DAAZJAAhiaXRDb3VudEkACWJpdExlbmd0aEkAE2ZpcnN0Tm9uemVyb0J5dGVOdW1JAAxsb3dlc3RTZXRCaXRJAAZzaWdudW1bAAltYWduaXR1ZGV0AAJbQnhxAH4ACv///////////////v////4AAAAAdXIAAltCrPMX+AYIVOACAAB4cAAAAAB4eHQAC1NhYmFvIGVtIHBvc3EAfgAIAAAAMXNxAH4ADP///////////////v////4AAAABdXEAfgAPAAAAFTard+ngwH7gX0jIutWRfXPdNxoZJ3h4c3EAfgAIAAAAN3NxAH4ADP///////////////v////4AAAABdXEAfgAPAAAAFwpww8QKZObu3KgZNPmRkfikJC2X2fZJeHh+cgApYnIuY29tLmxldHNjb2RlLm1vZGVsLnByb2R1dG8uUHJvZHV0b1RpcG8AAAAAAAAAABIAAHhyAA5qYXZhLmxhbmcuRW51bQAAAAAAAAAAEgAAeHB0AAdMSU1QRVpB
rO0ABXNyAA5qYXZhLnV0aWwuVVVJRLyZA/eYbYUvAgACSgAMbGVhc3RTaWdCaXRzSgALbW9zdFNpZ0JpdHN4cLUV83fcQPyjnBmPgKicRAg=,rO0ABXNyACVici5jb20ubGV0c2NvZGUubW9kZWwucHJvZHV0by5Qcm9kdXRvoW7c4r2+mlMCAAZMAAJJRHQAEExqYXZhL3V0aWwvVVVJRDtMAAVmcmV0ZXQAFkxqYXZhL21hdGgvQmlnRGVjaW1hbDtMAARub21ldAASTGphdmEvbGFuZy9TdHJpbmc7TAAFcHJlY29xAH4AAkwABHRheGFxAH4AAkwABHRpcG90ACtMYnIvY29tL2xldHNjb2RlL21vZGVsL3Byb2R1dG8vUHJvZHV0b1RpcG87eHBzcgAOamF2YS51dGlsLlVVSUS8mQP3mG2FLwIAAkoADGxlYXN0U2lnQml0c0oAC21vc3RTaWdCaXRzeHC1FfN33ED8o5wZj4ConEQIc3IAFGphdmEubWF0aC5CaWdEZWNpbWFsVMcVV/mBKE8DAAJJAAVzY2FsZUwABmludFZhbHQAFkxqYXZhL21hdGgvQmlnSW50ZWdlcjt4cgAQamF2YS5sYW5nLk51bWJlcoaslR0LlOCLAgAAeHAAAAAAc3IAFGphdmEubWF0aC5CaWdJbnRlZ2VyjPyfH6k7+x0DAAZJAAhiaXRDb3VudEkACWJpdExlbmd0aEkAE2ZpcnN0Tm9uemVyb0J5dGVOdW1JAAxsb3dlc3RTZXRCaXRJAAZzaWdudW1bAAltYWduaXR1ZGV0AAJbQnhxAH4ACv///////////////v////4AAAAAdXIAAltCrPMX+AYIVOACAAB4cAAAAAB4eHQADUNhbWlzYSBiYXNpY2FzcQB+AAgAAAAvc3EAfgAM///////////////+/////gAAAAF1cQB+AA8AAAAVA2oPVrqCDqnOaQ5KjBtnSVem/kKXeHhzcQB+AAgAAAAAcQB+AA54fnIAKWJyLmNvbS5sZXRzY29kZS5tb2RlbC5wcm9kdXRvLlByb2R1dG9UaXBvAAAAAAAAAAASAAB4cgAOamF2YS5sYW5nLkVudW0AAAAAAAAAABIAAHhwdAAJVkVTVFVBUklP
rO0ABXNyAA5qYXZhLnV0aWwuVVVJRLyZA/eYbYUvAgACSgAMbGVhc3RTaWdCaXRzSgALbW9zdFNpZ0JpdHN4cJOPeIqbQSpNNOeoUuT8TQI=,rO0ABXNyACVici5jb20ubGV0c2NvZGUubW9kZWwucHJvZHV0by5Qcm9kdXRvoW7c4r2+mlMCAAZMAAJJRHQAEExqYXZhL3V0aWwvVVVJRDtMAAVmcmV0ZXQAFkxqYXZhL21hdGgvQmlnRGVjaW1hbDtMAARub21ldAASTGphdmEvbGFuZy9TdHJpbmc7TAAFcHJlY29xAH4AAkwABHRheGFxAH4AAkwABHRpcG90ACtMYnIvY29tL2xldHNjb2RlL21vZGVsL3Byb2R1dG8vUHJvZHV0b1RpcG87eHBzcgAOamF2YS51dGlsLlVVSUS8mQP3mG2FLwIAAkoADGxlYXN0U2lnQml0c0oAC21vc3RTaWdCaXRzeHCTj3iKm0EqTTTnqFLk/E0Cc3IAFGphdmEubWF0aC5CaWdEZWNpbWFsVMcVV/mBKE8DAAJJAAVzY2FsZUwABmludFZhbHQAFkxqYXZhL21hdGgvQmlnSW50ZWdlcjt4cgAQamF2YS5sYW5nLk51bWJlcoaslR0LlOCLAgAAeHAAAAAAc3IAFGphdmEubWF0aC5CaWdJbnRlZ2VyjPyfH6k7+x0DAAZJAAhiaXRDb3VudEkACWJpdExlbmd0aEkAE2ZpcnN0Tm9uemVyb0J5dGVOdW1JAAxsb3dlc3RTZXRCaXRJAAZzaWdudW1bAAltYWduaXR1ZGV0AAJbQnhxAH4ACv///////////////v////4AAAABdXIAAltCrPMX+AYIVOACAAB4cAAAAAFkeHh0AAxDYXNpbmhhIGx1eG9zcQB+AAgAAAArc3EAfgAM///////////////+/////gAAAAF1cQB+AA8AAAAUAcBe5AjgzA3OoB6Pt3RFSDrXCYd4eHNxAH4ACAAAADFzcQB+AAz///////////////7////+AAAAAXVxAH4ADwAAABVtaHP7dTWds25MABhtVc1z3TcaGSd4eH5yAClici5jb20ubGV0c2NvZGUubW9kZWwucHJvZHV0by5Qcm9kdXRvVGlwbwAAAAAAAAAAEgAAeHIADmphdmEubGFuZy5FbnVtAAAAAAAAAAASAAB4cHQAA1BFVA==
rO0ABXNyAA5qYXZhLnV0aWwuVVVJRLyZA/eYbYUvAgACSgAMbGVhc3RTaWdCaXRzSgALbW9zdFNpZ0JpdHN4cKy4LnSBydhEupuX80fXSAE=,rO0ABXNyACVici5jb20ubGV0c2NvZGUubW9kZWwucHJvZHV0by5Qcm9kdXRvoW7c4r2+mlMCAAZMAAJJRHQAEExqYXZhL3V0aWwvVVVJRDtMAAVmcmV0ZXQAFkxqYXZhL21hdGgvQmlnRGVjaW1hbDtMAARub21ldAASTGphdmEvbGFuZy9TdHJpbmc7TAAFcHJlY29xAH4AAkwABHRheGFxAH4AAkwABHRpcG90ACtMYnIvY29tL2xldHNjb2RlL21vZGVsL3Byb2R1dG8vUHJvZHV0b1RpcG87eHBzcgAOamF2YS51dGlsLlVVSUS8mQP3mG2FLwIAAkoADGxlYXN0U2lnQml0c0oAC21vc3RTaWdCaXRzeHCsuC50gcnYRLqbl/NH10gBc3IAFGphdmEubWF0aC5CaWdEZWNpbWFsVMcVV/mBKE8DAAJJAAVzY2FsZUwABmludFZhbHQAFkxqYXZhL21hdGgvQmlnSW50ZWdlcjt4cgAQamF2YS5sYW5nLk51bWJlcoaslR0LlOCLAgAAeHAAAAAAc3IAFGphdmEubWF0aC5CaWdJbnRlZ2VyjPyfH6k7+x0DAAZJAAhiaXRDb3VudEkACWJpdExlbmd0aEkAE2ZpcnN0Tm9uemVyb0J5dGVOdW1JAAxsb3dlc3RTZXRCaXRJAAZzaWdudW1bAAltYWduaXR1ZGV0AAJbQnhxAH4ACv///////////////v////4AAAAAdXIAAltCrPMX+AYIVOACAAB4cAAAAAB4eHQAEkNhbGNhIGplYW5zIGJhc2ljYXNxAH4ACAAAAABzcQB+AAz///////////////7////+AAAAAXVxAH4ADwAAAAIBLHh4c3EAfgAIAAAAAHEAfgAOeH5yAClici5jb20ubGV0c2NvZGUubW9kZWwucHJvZHV0by5Qcm9kdXRvVGlwbwAAAAAAAAAAEgAAeHIADmphdmEubGFuZy5FbnVtAAAAAAAAAAASAAB4cHQACVZFU1RVQVJJTw==
rO0ABXNyAA5qYXZhLnV0aWwuVVVJRLyZA/eYbYUvAgACSgAMbGVhc3RTaWdCaXRzSgALbW9zdFNpZ0JpdHN4cKJf8DMnOd0D9S+qSVm6QVo=,rO0ABXNyACVici5jb20ubGV0c2NvZGUubW9kZWwucHJvZHV0by5Qcm9kdXRvoW7c4r2+mlMCAAZMAAJJRHQAEExqYXZhL3V0aWwvVVVJRDtMAAVmcmV0ZXQAFkxqYXZhL21hdGgvQmlnRGVjaW1hbDtMAARub21ldAASTGphdmEvbGFuZy9TdHJpbmc7TAAFcHJlY29xAH4AAkwABHRheGFxAH4AAkwABHRpcG90ACtMYnIvY29tL2xldHNjb2RlL21vZGVsL3Byb2R1dG8vUHJvZHV0b1RpcG87eHBzcgAOamF2YS51dGlsLlVVSUS8mQP3mG2FLwIAAkoADGxlYXN0U2lnQml0c0oAC21vc3RTaWdCaXRzeHCiX/AzJzndA/UvqklZukFac3IAFGphdmEubWF0aC5CaWdEZWNpbWFsVMcVV/mBKE8DAAJJAAVzY2FsZUwABmludFZhbHQAFkxqYXZhL21hdGgvQmlnSW50ZWdlcjt4cgAQamF2YS5sYW5nLk51bWJlcoaslR0LlOCLAgAAeHAAAAAAc3IAFGphdmEubWF0aC5CaWdJbnRlZ2VyjPyfH6k7+x0DAAZJAAhiaXRDb3VudEkACWJpdExlbmd0aEkAE2ZpcnN0Tm9uemVyb0J5dGVOdW1JAAxsb3dlc3RTZXRCaXRJAAZzaWdudW1bAAltYWduaXR1ZGV0AAJbQnhxAH4ACv///////////////v////4AAAAAdXIAAltCrPMX+AYIVOACAAB4cAAAAAB4eHQAEkxhc2FuaGEgcHJlLWFzc2FkYXNxAH4ACAAAADFzcQB+AAz///////////////7////+AAAAAXVxAH4ADwAAABUv09hnrjHbBf1oYc8imPNz3TcaGSd4eHNxAH4ACAAAAABxAH4ADnh+cgApYnIuY29tLmxldHNjb2RlLm1vZGVsLnByb2R1dG8uUHJvZHV0b1RpcG8AAAAAAAAAABIAAHhyAA5qYXZhLmxhbmcuRW51bQAAAAAAAAAAEgAAeHB0AAZDT01JREE=
rO0ABXNyAA5qYXZhLnV0aWwuVVVJRLyZA/eYbYUvAgACSgAMbGVhc3RTaWdCaXRzSgALbW9zdFNpZ0JpdHN4cLs/r9pyXauj+2PXV41gTMw=,rO0ABXNyACVici5jb20ubGV0c2NvZGUubW9kZWwucHJvZHV0by5Qcm9kdXRvoW7c4r2+mlMCAAZMAAJJRHQAEExqYXZhL3V0aWwvVVVJRDtMAAVmcmV0ZXQAFkxqYXZhL21hdGgvQmlnRGVjaW1hbDtMAARub21ldAASTGphdmEvbGFuZy9TdHJpbmc7TAAFcHJlY29xAH4AAkwABHRheGFxAH4AAkwABHRpcG90ACtMYnIvY29tL2xldHNjb2RlL21vZGVsL3Byb2R1dG8vUHJvZHV0b1RpcG87eHBzcgAOamF2YS51dGlsLlVVSUS8mQP3mG2FLwIAAkoADGxlYXN0U2lnQml0c0oAC21vc3RTaWdCaXRzeHC7P6/acl2ro/tj11eNYEzMc3IAFGphdmEubWF0aC5CaWdEZWNpbWFsVMcVV/mBKE8DAAJJAAVzY2FsZUwABmludFZhbHQAFkxqYXZhL21hdGgvQmlnSW50ZWdlcjt4cgAQamF2YS5sYW5nLk51bWJlcoaslR0LlOCLAgAAeHAAAAAAc3IAFGphdmEubWF0aC5CaWdJbnRlZ2VyjPyfH6k7+x0DAAZJAAhiaXRDb3VudEkACWJpdExlbmd0aEkAE2ZpcnN0Tm9uemVyb0J5dGVOdW1JAAxsb3dlc3RTZXRCaXRJAAZzaWdudW1bAAltYWduaXR1ZGV0AAJbQnhxAH4ACv///////////////v////4AAAAAdXIAAltCrPMX+AYIVOACAAB4cAAAAAB4eHQACUhhbWJ1cmdlcnNxAH4ACAAAAAFzcQB+AAz///////////////7////+AAAAAXVxAH4ADwAAAAEPeHhzcQB+AAgAAAAAcQB+AA54fnIAKWJyLmNvbS5sZXRzY29kZS5tb2RlbC5wcm9kdXRvLlByb2R1dG9UaXBvAAAAAAAAAAASAAB4cgAOamF2YS5sYW5nLkVudW0AAAAAAAAAABIAAHhwdAAGQ09NSURB
rO0ABXNyAA5qYXZhLnV0aWwuVVVJRLyZA/eYbYUvAgACSgAMbGVhc3RTaWdCaXRzSgALbW9zdFNpZ0JpdHN4cLYVtjVTVleaXyVFqinKSQs=,rO0ABXNyACVici5jb20ubGV0c2NvZGUubW9kZWwucHJvZHV0by5Qcm9kdXRvoW7c4r2+mlMCAAZMAAJJRHQAEExqYXZhL3V0aWwvVVVJRDtMAAVmcmV0ZXQAFkxqYXZhL21hdGgvQmlnRGVjaW1hbDtMAARub21ldAASTGphdmEvbGFuZy9TdHJpbmc7TAAFcHJlY29xAH4AAkwABHRheGFxAH4AAkwABHRpcG90ACtMYnIvY29tL2xldHNjb2RlL21vZGVsL3Byb2R1dG8vUHJvZHV0b1RpcG87eHBzcgAOamF2YS51dGlsLlVVSUS8mQP3mG2FLwIAAkoADGxlYXN0U2lnQml0c0oAC21vc3RTaWdCaXRzeHC2FbY1U1ZXml8lRaopykkLc3IAFGphdmEubWF0aC5CaWdEZWNpbWFsVMcVV/mBKE8DAAJJAAVzY2FsZUwABmludFZhbHQAFkxqYXZhL21hdGgvQmlnSW50ZWdlcjt4cgAQamF2YS5sYW5nLk51bWJlcoaslR0LlOCLAgAAeHAAAAAAc3IAFGphdmEubWF0aC5CaWdJbnRlZ2VyjPyfH6k7+x0DAAZJAAhiaXRDb3VudEkACWJpdExlbmd0aEkAE2ZpcnN0Tm9uemVyb0J5dGVOdW1JAAxsb3dlc3RTZXRCaXRJAAZzaWdudW1bAAltYWduaXR1ZGV0AAJbQnhxAH4ACv///////////////v////4AAAABdXIAAltCrPMX+AYIVOACAAB4cAAAAAEFeHh0AA1SYWNhbyBwcmVtaXVtc3EAfgAIAAAALXNxAH4ADP///////////////v////4AAAABdXEAfgAPAAAAFA3+1wSTpgP7yOr1MW7jJ/JBABHReHhzcQB+AAgAAAAAc3EAfgAM///////////////+/////gAAAAB1cQB+AA8AAAAAeHh+cgApYnIuY29tLmxldHNjb2RlLm1vZGVsLnByb2R1dG8uUHJvZHV0b1RpcG8AAAAAAAAAABIAAHhyAA5qYXZhLmxhbmcuRW51bQAAAAAAAAAAEgAAeHB0AANQRVQ=
rO0ABXNyAA5qYXZhLnV0aWwuVVVJRLyZA/eYbYUvAgACSgAMbGVhc3RTaWdCaXRzSgALbW9zdFNpZ0JpdHN4cJQrFa7BKtSW+yvN+4wPSaU=,rO0ABXNyACVici5jb20ubGV0c2NvZGUubW9kZWwucHJvZHV0by5Qcm9kdXRvoW7c4r2+mlMCAAZMAAJJRHQAEExqYXZhL3V0aWwvVVVJRDtMAAVmcmV0ZXQAFkxqYXZhL21hdGgvQmlnRGVjaW1hbDtMAARub21ldAASTGphdmEvbGFuZy9TdHJpbmc7TAAFcHJlY29xAH4AAkwABHRheGFxAH4AAkwABHRpcG90ACtMYnIvY29tL2xldHNjb2RlL21vZGVsL3Byb2R1dG8vUHJvZHV0b1RpcG87eHBzcgAOamF2YS51dGlsLlVVSUS8mQP3mG2FLwIAAkoADGxlYXN0U2lnQml0c0oAC21vc3RTaWdCaXRzeHCUKxWuwSrUlvsrzfuMD0mlc3IAFGphdmEubWF0aC5CaWdEZWNpbWFsVMcVV/mBKE8DAAJJAAVzY2FsZUwABmludFZhbHQAFkxqYXZhL21hdGgvQmlnSW50ZWdlcjt4cgAQamF2YS5sYW5nLk51bWJlcoaslR0LlOCLAgAAeHAAAAAAc3IAFGphdmEubWF0aC5CaWdJbnRlZ2VyjPyfH6k7+x0DAAZJAAhiaXRDb3VudEkACWJpdExlbmd0aEkAE2ZpcnN0Tm9uemVyb0J5dGVOdW1JAAxsb3dlc3RTZXRCaXRJAAZzaWdudW1bAAltYWduaXR1ZGV0AAJbQnhxAH4ACv///////////////v////4AAAAAdXIAAltCrPMX+AYIVOACAAB4cAAAAAB4eHQAC0NhbWlzYSBsdXhvc3EAfgAIAAAAK3NxAH4ADP///////////////v////4AAAABdXEAfgAPAAAAE7NSRMW4dKB806rPdKSFSDrXCYd4eHNxAH4ACAAAAABxAH4ADnh+cgApYnIuY29tLmxldHNjb2RlLm1vZGVsLnByb2R1dG8uUHJvZHV0b1RpcG8AAAAAAAAAABIAAHhyAA5qYXZhLmxhbmcuRW51bQAAAAAAAAAAEgAAeHB0AAlWRVNUVUFSSU8=
rO0ABXNyAA5qYXZhLnV0aWwuVVVJRLyZA/eYbYUvAgACSgAMbGVhc3RTaWdCaXRzSgALbW9zdFNpZ0JpdHN4cJPEW3GlS/hkv7an6N3MT8I=,rO0ABXNyACVici5jb20ubGV0c2NvZGUubW9kZWwucHJvZHV0by5Qcm9kdXRvoW7c4r2+mlMCAAZMAAJJRHQAEExqYXZhL3V0aWwvVVVJRDtMAAVmcmV0ZXQAFkxqYXZhL21hdGgvQmlnRGVjaW1hbDtMAARub21ldAASTGphdmEvbGFuZy9TdHJpbmc7TAAFcHJlY29xAH4AAkwABHRheGFxAH4AAkwABHRpcG90ACtMYnIvY29tL2xldHNjb2RlL21vZGVsL3Byb2R1dG8vUHJvZHV0b1RpcG87eHBzcgAOamF2YS51dGlsLlVVSUS8mQP3mG2FLwIAAkoADGxlYXN0U2lnQml0c0oAC21vc3RTaWdCaXRzeHCTxFtxpUv4ZL+2p+jdzE/Cc3IAFGphdmEubWF0aC5CaWdEZWNpbWFsVMcVV/mBKE8DAAJJAAVzY2FsZUwABmludFZhbHQAFkxqYXZhL21hdGgvQmlnSW50ZWdlcjt4cgAQamF2YS5sYW5nLk51bWJlcoaslR0LlOCLAgAAeHAAAAAAc3IAFGphdmEubWF0aC5CaWdJbnRlZ2VyjPyfH6k7+x0DAAZJAAhiaXRDb3VudEkACWJpdExlbmd0aEkAE2ZpcnN0Tm9uemVyb0J5dGVOdW1JAAxsb3dlc3RTZXRCaXRJAAZzaWdudW1bAAltYWduaXR1ZGV0AAJbQnhxAH4ACv///////////////v////4AAAAAdXIAAltCrPMX+AYIVOACAAB4cAAAAAB4eHQAElZhc2lsaGEgcGFyYSByYWNhb3NxAH4ACAAAADFzcQB+AAz///////////////7////+AAAAAXVxAH4ADwAAABVsys6WI9v6v3D9AxhHnzWWcLErf0F4eHNxAH4ACAAAAABxAH4ADnh+cgApYnIuY29tLmxldHNjb2RlLm1vZGVsLnByb2R1dG8uUHJvZHV0b1RpcG8AAAAAAAAAABIAAHhyAA5qYXZhLmxhbmcuRW51bQAAAAAAAAAAEgAAeHB0AANQRVQ=
rO0ABXNyAA5qYXZhLnV0aWwuVVVJRLyZA/eYbYUvAgACSgAMbGVhc3RTaWdCaXRzSgALbW9zdFNpZ0JpdHN4cJHYe12lNBbupIgJXCFASls=,rO0ABXNyACVici5jb20ubGV0c2NvZGUubW9kZWwucHJvZHV0by5Qcm9kdXRvoW7c4r2+mlMCAAZMAAJJRHQAEExqYXZhL3V0aWwvVVVJRDtMAAVmcmV0ZXQAFkxqYXZhL21hdGgvQmlnRGVjaW1hbDtMAARub21ldAASTGphdmEvbGFuZy9TdHJpbmc7TAAFcHJlY29xAH4AAkwABHRheGFxAH4AAkwABHRpcG90ACtMYnIvY29tL2xldHNjb2RlL21vZGVsL3Byb2R1dG8vUHJvZHV0b1RpcG87eHBzcgAOamF2YS51dGlsLlVVSUS8mQP3mG2FLwIAAkoADGxlYXN0U2lnQml0c0oAC21vc3RTaWdCaXRzeHCR2HtdpTQW7qSICVwhQEpbc3IAFGphdmEubWF0aC5CaWdEZWNpbWFsVMcVV/mBKE8DAAJJAAVzY2FsZUwABmludFZhbHQAFkxqYXZhL21hdGgvQmlnSW50ZWdlcjt4cgAQamF2YS5sYW5nLk51bWJlcoaslR0LlOCLAgAAeHAAAAAAc3IAFGphdmEubWF0aC5CaWdJbnRlZ2VyjPyfH6k7+x0DAAZJAAhiaXRDb3VudEkACWJpdExlbmd0aEkAE2ZpcnN0Tm9uemVyb0J5dGVOdW1JAAxsb3dlc3RTZXRCaXRJAAZzaWdudW1bAAltYWduaXR1ZGV0AAJbQnhxAH4ACv///////////////v////4AAAAAdXIAAltCrPMX+AYIVOACAAB4cAAAAAB4eHQADlNhYmFvIGVtIGJhcnJhc3EAfgAIAAAANHNxAH4ADP///////////////v////4AAAABdXEAfgAPAAAAFjUwIe4VAM2ieceajcyeXsdO/rLAkqd4eHNxAH4ACAAAAABxAH4ADnh+cgApYnIuY29tLmxldHNjb2RlLm1vZGVsLnByb2R1dG8uUHJvZHV0b1RpcG8AAAAAAAAAABIAAHhyAA5qYXZhLmxhbmcuRW51bQAAAAAAAAAAEgAAeHB0AAdMSU1QRVpB
